Carimbo de data/hora,Endereço de e-mail,Qual é a sua idade?,Gênero,Quais plataformas de mídia social você costuma usar?,Cidade onde Mora,Sexo,Está empregado,Qual sua renda mensal bruta para custo de vida,Você têm religião?,Qual sua religião?,Qual é o tempo médio que você passa nas redes sociais todos os dias em horas?,"Numa escala de 1 a 5, quão facilmente você se distrai?  (Sendo 1 pouco e 5 muito)  ",Você acha difícil se concentrar nas coisas?    ,Pratica esporte com que frequência mensal?,Com que frequência você se distrai com as redes sociais quando está ocupado fazendo alguma coisa?,Com que frequência você se sente deprimido ou está deprimido?    ,Com que frequência você usa mídias sociais sem um propósito específico?,"Numa escala de 1 a 5, com que frequência você se compara a outras pessoas de sucesso através do uso das redes sociais?",Como você se sente quando vê publicações de pessoas mostrando vidas aparentemente perfeitas?,"Como você se sente ao receber poucos ""likes"" em suas postagens?",Você sente que o uso das redes sociais impacta seu humor de forma positiva ou negativa?,Dificuldade para dormir,Qual o impacto que você acredita que as redes sociais causam em você? (sendo 1 muito negativo e 5 muito positivo ),Você acha que passa mais tempo nas redes sociais do que gostaria? ,Como você reage quando vê comentários negativos ou críticas em suas postagens?,"Com que frequência você busca validação por meio de ""curtidas"" ou outros recursos das redes sociais?",Com que frequência você usa mídias sociais sem um propósito específico? ,Você já experimentou sentimentos de inveja ou inferioridade ao se comparar com outras pessoas nas redes? (Ex.: Aquele momento em que você abre a rede social do amigo e pensa dei errado para caramba),Já foi diagnosticado por um profissional com algum dos itens: [Nenhum],Já foi diagnosticado por um profissional com algum dos itens: [Depressão],Já foi diagnosticado por um profissional com algum dos itens: [Ansiedade],Já foi diagnosticado por um profissional com algum dos itens: [Estresse],Já foi diagnosticado por um profissional com algum dos itens: [TDAH],Já foi diagnosticado por um profissional com algum dos itens: [Transtorno Bipolar],Já foi diagnosticado por um profissional com algum dos itens: [Transtorno de ansiedade social :],"Já foi diagnosticado por um profissional com algum dos itens: [Fobia de Perda de Conexão ( Ansiedade relacionada à ausência de acesso ao celular ou redes sociais, causando angústia e desconforto.]",Já foi diagnosticado por um profissional com algum dos itens: [Transtorno Obsessivo-Compulsivo (TOC)],Já foi diagnosticado por um profissional com algum dos itens: [Transtorno de Estresse Pós-Traumático (TEPT)],Já foi diagnosticado por um profissional com algum dos itens: [Dislexia]
2024-11-16 08:56:56,emartinez@example.com,38.0,Masculino,sdv-pii-a8kje,sdv-pii-l6rg6,Cisgênero (é o sexo que nasceu),Não,Atè 10 mil,Sim,Evangélico,3.0,5.0,4,Até 4 vezes,3,3.0,1.0,4.0,1.0,3.0,Negativa,Nenhuma,3,Não,Indiferente,0.0,3.0,Não,True,True,True,False,False,False,False,False,False,False,False
2024-11-16 08:56:56,xkirby@example.com,28.0,Masculino,sdv-pii-1pgje,sdv-pii-1m8fi,Cisgênero (é o sexo que nasceu),Sim,Até 5 mil,Sim,Católico,4.0,5.0,3,Até 4 vezes,3,0.0,0.0,1.0,3.0,5.0,Positiva,Nenhuma,4,Sim,Indiferente,2.0,1.0,Não,True,False,False,False,False,False,False,False,False,False,False
2024-11-16 18:43:07,kristen97@example.net,51.0,Masculino,sdv-pii-jxfbw,sdv-pii-ltyqk,Cisgênero (é o sexo que nasceu),Sim,Até 3 mil,Sim,Evangélico,2.0,1.0,1,Até 4 vezes,1,0.0,1.0,2.0,1.0,3.0,Positiva,Muita,1,Não,Penso sobre a critica,2.0,1.0,Não,False,True,True,True,False,False,False,False,True,False,False
2024-11-16 13:09:24,marymarsh@example.net,37.0,Masculino,sdv-pii-jsuta,sdv-pii-nxxwo,Cisgênero (é o sexo que nasceu),Sim,Até 5 mil,Sim,Católico,1.0,4.0,3,Nenhuma,3,0.0,2.0,2.0,2.0,3.0,Negativa,Nenhuma,4,Não,Triste,0.0,3.0,Sim,True,True,True,False,False,False,False,False,False,False,False
2024-11-16 08:56:56,dianesmith@example.net,59.0,Masculino,sdv-pii-ilusn,sdv-pii-1g9ar,Cisgênero (é o sexo que nasceu),Não,Até 3 mil,Sim,Evangélico,1.0,3.0,5,Até 8 vezes,3,1.0,1.0,3.0,2.0,5.0,Negativa,Nenhuma,3,Sim,Indiferente,1.0,1.0,Não,True,True,True,False,False,False,False,False,False,False,False
2024-11-16 08:56:56,padillaanthony@example.org,46.0,Masculino,sdv-pii-dsh4n,sdv-pii-lk76e,Cisgênero (é o sexo que nasceu),Sim,Até 5 mil,Sim,Evangélico,5.0,5.0,5,Até 4 vezes,3,4.0,4.0,4.0,3.0,5.0,Positiva,Quando fico no cel à noite .,3,Sim,Indiferente,0.0,2.0,Não,False,False,True,True,False,False,False,False,False,False,False
2024-11-16 23:44:59,kyle40@example.org,60.0,Masculino,sdv-pii-v21d9,sdv-pii-0aadw,Cisgênero (é o sexo que nasceu),Sim,Até 5 mil,Não,nenhuma,2.0,3.0,2,Nenhuma,3,0.0,3.0,2.0,5.0,2.0,Positiva,Muita,3,Sim,Ansioso,0.0,2.0,Não,True,True,False,False,False,False,False,False,False,False,False
2024-11-16 11:33:31,lgarcia@example.net,19.0,Masculino,sdv-pii-r8y6f,sdv-pii-tblqw,Cisgênero (é o sexo que nasceu),Sim,Até 5 mil,Sim,Evangélico,7.0,1.0,4,Até 4 vezes,1,1.0,0.0,2.0,2.0,3.0,Positiva,Nenhuma,4,Não,Indiferente,0.0,5.0,Não,True,True,True,True,False,False,False,False,False,False,False
2024-11-16 08:56:56,christinahanna@example.org,19.0,Masculino,sdv-pii-o89ex,sdv-pii-srq12,Cisgênero (é o sexo que nasceu),Sim,Até 5 mil,Não,Evangélico,1.0,3.0,3,Até 4 vezes,1,0.0,1.0,1.0,2.0,5.0,Negativa,Nenhuma,5,Não,Penso sobre a critica,0.0,1.0,Não,True,True,False,True,False,False,False,False,False,False,False
2024-11-16 14:31:36,brittney84@example.org,23.0,Masculino,sdv-pii-8oooa,sdv-pii-94a6c,Cisgênero (é o sexo que nasceu),Sim,Até 20 mil,Sim,Evangélico,4.0,4.0,1,Todos os dias,1,1.0,2.0,3.0,4.0,2.0,Positiva,Muita,3,Não,Indiferente,3.0,1.0,Não,False,True,True,True,False,False,False,False,False,False,False
2024-11-16 08:56:56,cmeyer@example.org,50.0,Masculino,sdv-pii-6tha7,sdv-pii-f9q0b,Cisgênero (é o sexo que nasceu),Sim,Atè 10 mil,Sim,Evangélico,5.0,1.0,5,Até 4 vezes,1,2.0,4.0,1.0,4.0,1.0,Positiva,Nenhuma,3,Não,Indiferente,1.0,4.0,Não,True,False,False,True,False,False,False,False,False,False,False
2024-11-16 19:27:19,cgill@example.net,60.0,Masculino,sdv-pii-dfoad,sdv-pii-pdeam,Cisgênero (é o sexo que nasceu),Sim,Até 3 mil,Não,Evangélico,4.0,1.0,1,Nenhuma,4,1.0,0.0,5.0,5.0,3.0,Positiva,Muita,5,Não,Triste,0.0,2.0,Não,True,False,True,False,False,False,False,False,False,False,False
2024-11-17 05:22:36,perezbrianna@example.org,60.0,Masculino,sdv-pii-e80rs,sdv-pii-m41fq,Cisgênero (é o sexo que nasceu),Sim,Até 5 mil,Não,nenhuma,4.0,2.0,2,Até 8 vezes,1,0.0,2.0,1.0,5.0,3.0,Negativa,Nenhuma,3,Não,Indiferente,2.0,2.0,Não,False,False,True,False,True,False,False,False,False,False,False
2024-11-16 08:56:56,zacharytaylor@example.com,41.0,Masculino,sdv-pii-hbq76,sdv-pii-a73br,Cisgênero (é o sexo que nasceu),Sim,Atè 10 mil,Sim,Evangélico,3.0,1.0,5,Até 4 vezes,4,4.0,1.0,1.0,3.0,5.0,Positiva,Nenhuma,3,Não,Penso sobre a critica,1.0,3.0,Sim,True,False,True,False,False,False,False,False,False,False,False
2024-11-16 13:25:39,qsummers@example.org,60.0,Masculino,sdv-pii-kqzj3,sdv-pii-hdljc,Cisgênero (é o sexo que nasceu),Sim,Até 5 mil,Sim,Católico,2.0,2.0,3,Todos os dias,5,0.0,2.0,3.0,1.0,5.0,Positiva,Nenhuma,3,Não,Penso sobre a critica,2.0,0.0,Não,False,True,False,False,True,False,True,False,False,False,False
2024-11-16 08:56:56,andersontheresa@example.com,37.0,Masculino,sdv-pii-f4bz3,sdv-pii-c21uw,Cisgênero (é o sexo que nasceu),Sim,Atè 10 mil,Sim,Evangélico,1.0,3.0,1,Nenhuma,1,0.0,1.0,1.0,4.0,2.0,Positiva,Quando fico no cel à noite .,3,Não,Indiferente,0.0,4.0,Não,False,False,False,False,True,False,False,False,False,False,False
2024-11-16 08:56:56,trujillomichael@example.net,56.0,Masculino,sdv-pii-c5ami,sdv-pii-abji8,Não binário,Sim,Atè 10 mil,Sim,Evangélico,1.0,4.0,1,Até 4 vezes,1,0.0,3.0,2.0,4.0,1.0,Negativa,Nenhuma,4,Não,Indiferente,2.0,2.0,Sim,True,False,True,False,False,False,False,False,False,False,False
2024-11-18 07:50:49,angelamays@example.com,52.0,Masculino,sdv-pii-gcwr5,sdv-pii-jumvb,Cisgênero (é o sexo que nasceu),Sim,Até 5 mil,Sim,Evangélico,4.0,5.0,1,Até 8 vezes,2,1.0,2.0,5.0,3.0,3.0,Positiva,Nenhuma,3,Sim,Indiferente,1.0,5.0,Não,True,True,False,False,False,True,False,False,False,False,False
2024-11-16 08:56:56,stephen18@example.org,30.0,Masculino,sdv-pii-3ll4p,sdv-pii-1h072,Cisgênero (é o sexo que nasceu),Sim,Até 5 mil,Sim,Evangélico,2.0,1.0,1,Até 8 vezes,1,1.0,2.0,1.0,5.0,4.0,Negativa,Muita,3,Sim,Triste,1.0,1.0,Sim,False,True,False,False,False,False,True,False,True,False,False
2024-11-16 11:47:49,johnrussell@example.net,46.0,Masculino,sdv-pii-b4m2l,sdv-pii-rshc7,Cisgênero (é o sexo que nasceu),Sim,Até 5 mil,Sim,Católico,4.0,5.0,3,Todos os dias,1,2.0,0.0,1.0,4.0,3.0,Positiva,Nenhuma,3,Não,Triste,1.0,3.0,Não,False,False,True,False,False,False,False,False,False,False,False
2024-11-16 08:56:56,ahansen@example.org,19.0,Masculino,sdv-pii-xu7ya,sdv-pii-ak0mi,Cisgênero (é o sexo que nasceu),Sim,Atè 10 mil,Não,Evangélico,1.0,4.0,1,Até 8 vezes,3,0.0,3.0,2.0,1.0,3.0,Positiva,Muita,3,Não,Penso sobre a critica,1.0,2.0,Não,False,False,False,False,False,False,False,False,False,False,False
2024-11-16 08:56:56,carolineconner@example.com,21.0,Masculino,sdv-pii-2c76o,sdv-pii-0u2q2,Cisgênero (é o sexo que nasceu),Sim,Até 3 mil,Sim,Evangélico,1.0,5.0,2,Nenhuma,3,4.0,2.0,1.0,4.0,3.0,Negativa,Nenhuma,4,Sim,Penso sobre a critica,0.0,3.0,Não,True,False,True,False,False,False,False,False,False,False,False
2024-11-17 20:47:53,kristieherrera@example.org,32.0,Masculino,sdv-pii-9kaez,sdv-pii-evbzy,Cisgênero (é o sexo que nasceu),Sim,Atè 10 mil,Sim,Evangélico,6.0,3.0,1,Nenhuma,3,0.0,4.0,1.0,5.0,5.0,Negativa,Nenhuma,3,Não,Penso sobre a critica,0.0,1.0,Não,True,True,False,False,False,True,False,False,False,False,False
2024-11-16 08:56:56,jane45@example.org,58.0,Masculino,sdv-pii-thtv0,sdv-pii-533z9,Cisgênero (é o sexo que nasceu),Sim,Até 5 mil,Sim,Evangélico,4.0,1.0,3,Nenhuma,2,2.0,3.0,4.0,1.0,3.0,Positiva,Nenhuma,4,Sim,Indiferente,0.0,3.0,Não,True,True,False,False,False,False,False,False,False,False,False
2024-11-16 08:56:56,xmoran@example.org,60.0,Masculino,sdv-pii-1ui95,sdv-pii-nwo3i,Cisgênero (é o sexo que nasceu),Sim,Até 5 mil,Não,Evangélico,4.0,5.0,1,Até 4 vezes,1,2.0,3.0,1.0,3.0,3.0,Positiva,Nenhuma,2,Sim,Indiferente,1.0,5.0,Sim,False,False,True,True,False,False,False,False,False,False,False
2024-11-16 08:56:56,kwalker@example.net,59.0,Masculino,sdv-pii-enup9,sdv-pii-kpgyk,Cisgênero (é o sexo que nasceu),Não,Até 5 mil,Não,Evangélico,6.0,3.0,3,Até 4 vezes,3,2.0,0.0,1.0,4.0,4.0,Positiva,Nenhuma,3,Sim,Indiferente,1.0,3.0,Não,True,False,True,False,False,False,False,False,False,False,False
2024-11-16 10:21:06,ccook@example.net,29.0,Masculino,sdv-pii-5yqco,sdv-pii-68mw2,Cisgênero (é o sexo que nasceu),Sim,Até 3 mil,Sim,Evangélico,3.0,2.0,5,Até 4 vezes,1,2.0,2.0,1.0,1.0,1.0,Negativa,Nenhuma,4,Sim,Triste,0.0,0.0,Não,True,False,False,False,False,False,False,False,False,False,False
2024-11-16 08:56:56,kellererik@example.org,19.0,Masculino,sdv-pii-yr47a,sdv-pii-55mc2,Cisgênero (é o sexo que nasceu),Sim,Até 5 mil,Sim,Católico,1.0,3.0,2,Até 8 vezes,3,0.0,0.0,1.0,2.0,2.0,Positiva,Nenhuma,3,Não,Indiferente,0.0,0.0,Não,True,False,True,True,False,False,False,False,False,False,False
2024-11-17 01:23:31,gmartin@example.net,20.0,Masculino,sdv-pii-vejao,sdv-pii-83qws,Cisgênero (é o sexo que nasceu),Sim,Atè 10 mil,Não,Católico,2.0,2.0,5,Nenhuma,1,2.0,2.0,2.0,4.0,2.0,Positiva,Muita,4,Sim,Triste,0.0,1.0,Não,True,False,True,False,False,False,False,False,False,False,False
2024-11-16 10:30:02,smithjoseph@example.net,22.0,Masculino,sdv-pii-06vox,sdv-pii-detyp,Cisgênero (é o sexo que nasceu),Não,Até 5 mil,Sim,Evangélico,2.0,5.0,3,Todos os dias,3,0.0,1.0,2.0,3.0,3.0,Positiva,Nenhuma,5,Sim,Indiferente,0.0,3.0,Não,False,False,False,False,False,False,False,False,False,False,False
2024-11-16 21:26:10,ybaker@example.net,56.0,Masculino,sdv-pii-ch94o,sdv-pii-nfibt,Cisgênero (é o sexo que nasceu),Sim,Até 5 mil,Sim,Evangélico,4.0,2.0,2,Todos os dias,3,2.0,2.0,1.0,4.0,4.0,Positiva,Nenhuma,4,Sim,Indiferente,2.0,2.0,Não,False,False,True,False,False,False,False,False,False,False,False
2024-11-16 08:56:56,ijohnson@example.org,27.0,Masculino,sdv-pii-vdcsk,sdv-pii-ee7vs,Cisgênero (é o sexo que nasceu),Sim,Superior 30 mil,Sim,Evangélico,1.0,5.0,3,Nenhuma,3,0.0,2.0,1.0,3.0,5.0,Positiva,Muita,4,Sim,Indiferente,0.0,4.0,Sim,False,False,True,False,False,False,False,False,False,False,False
2024-11-16 08:56:56,olivertony@example.com,41.0,Masculino,sdv-pii-824fa,sdv-pii-kxb7u,Cisgênero (é o sexo que nasceu),Sim,Até 5 mil,Sim,Católico,2.0,5.0,3,Até 4 vezes,1,0.0,3.0,5.0,4.0,3.0,Negativa,Nenhuma,3,Não,Indiferente,3.0,4.0,Sim,True,True,False,False,True,False,False,False,True,False,False
2024-11-16 11:43:08,bhawkins@example.org,39.0,Masculino,sdv-pii-9yeda,sdv-pii-vm6iu,Cisgênero (é o sexo que nasceu),Sim,Atè 10 mil,Sim,Evangélico,1.0,5.0,1,Nenhuma,2,1.0,3.0,5.0,5.0,5.0,Positiva,Nenhuma,3,Não,Indiferente,1.0,3.0,Sim,True,False,False,False,False,False,False,False,False,False,False
2024-11-16 21:26:14,timothy61@example.org,38.0,Masculino,sdv-pii-yiu99,sdv-pii-h1rwp,Cisgênero (é o sexo que nasceu),Sim,Até 5 mil,Sim,Evangélico,1.0,2.0,1,Todos os dias,3,0.0,2.0,1.0,1.0,3.0,Positiva,Nenhuma,3,Não,Indiferente,2.0,3.0,Não,True,True,True,False,False,False,False,False,False,False,False
2024-11-17 07:08:23,yolandahayes@example.net,29.0,Masculino,sdv-pii-bk7b0,sdv-pii-oyr3v,Cisgênero (é o sexo que nasceu),Não,Até 5 mil,Sim,Católico,1.0,2.0,1,Até 4 vezes,1,0.0,3.0,1.0,4.0,5.0,Positiva,Nenhuma,3,Não,Indiferente,1.0,4.0,Não,False,False,True,False,False,False,False,False,False,False,False
2024-11-16 11:10:27,james17@example.com,52.0,Masculino,sdv-pii-03xst,sdv-pii-2tpoc,Cisgênero (é o sexo que nasceu),Sim,Até 3 mil,Sim,Evangélico,2.0,4.0,3,Todos os dias,1,0.0,3.0,3.0,3.0,2.0,Positiva,Nenhuma,4,Sim,Triste,3.0,3.0,Sim,False,True,True,False,False,False,False,False,False,False,False
2024-11-16 08:56:56,morenohelen@example.net,21.0,Masculino,sdv-pii-ylzng,sdv-pii-vesbs,Cisgênero (é o sexo que nasceu),Sim,Até 20 mil,Sim,Evangélico,1.0,3.0,5,Até 4 vezes,3,1.0,0.0,3.0,4.0,4.0,Positiva,Muita,3,Não,Indiferente,0.0,2.0,Não,True,False,False,False,False,False,True,False,False,False,False
2024-11-16 14:48:53,garymartinez@example.com,60.0,Masculino,sdv-pii-gvxby,sdv-pii-nynqr,Cisgênero (é o sexo que nasceu),Sim,Até 20 mil,Sim,Católico,2.0,2.0,2,Todos os dias,1,0.0,3.0,5.0,4.0,1.0,Positiva,Muita,3,Sim,Penso sobre a critica,0.0,2.0,Não,True,False,True,False,False,False,False,False,False,False,False
2024-11-16 20:32:17,barbarapeterson@example.net,19.0,Masculino,sdv-pii-rtlpm,sdv-pii-fq042,Cisgênero (é o sexo que nasceu),Sim,Atè 10 mil,Sim,Evangélico,2.0,4.0,5,Até 8 vezes,1,1.0,1.0,5.0,4.0,5.0,Positiva,Nenhuma,3,Não,Indiferente,2.0,3.0,Não,True,False,False,False,False,False,False,False,False,False,False
2024-11-16 17:22:07,jeremy09@example.org,26.0,Masculino,sdv-pii-wn0bn,sdv-pii-cz9av,Cisgênero (é o sexo que nasceu),Sim,Até 3 mil,Sim,Católico,2.0,5.0,2,Até 4 vezes,3,2.0,2.0,1.0,2.0,5.0,Positiva,Muita,3,Sim,Penso sobre a critica,1.0,3.0,Sim,False,False,True,False,False,False,False,False,False,False,False
2024-11-16 13:57:44,kathryn37@example.net,60.0,Masculino,sdv-pii-ns2io,sdv-pii-w14bv,Cisgênero (é o sexo que nasceu),Sim,Até 5 mil,Sim,Evangélico,1.0,2.0,3,Até 4 vezes,1,1.0,2.0,1.0,3.0,5.0,Positiva,Nenhuma,4,Não,Indiferente,0.0,0.0,Não,True,True,False,False,False,False,False,False,False,False,False
2024-11-16 08:56:56,clarkelizabeth@example.com,27.0,Masculino,sdv-pii-vyrw9,sdv-pii-hj6ym,Cisgênero (é o sexo que nasceu),Sim,Atè 10 mil,Sim,Outros,2.0,2.0,1,Até 4 vezes,2,3.0,0.0,1.0,4.0,1.0,Positiva,Nenhuma,3,Sim,Indiferente,0.0,1.0,Sim,True,True,False,False,False,False,False,False,False,False,False
2024-11-16 08:56:56,hprince@example.com,36.0,Masculino,sdv-pii-wy2t2,sdv-pii-ubgyi,Cisgênero (é o sexo que nasceu),Não,Atè 10 mil,Sim,Evangélico,5.0,3.0,2,Nenhuma,1,0.0,5.0,1.0,3.0,5.0,Positiva,Nenhuma,3,Sim,Indiferente,0.0,1.0,Não,False,True,False,False,False,False,False,False,False,False,False
2024-11-16 08:56:56,juan47@example.net,21.0,Masculino,sdv-pii-atk0n,sdv-pii-ef4c1,Cisgênero (é o sexo que nasceu),Sim,Até 5 mil,Sim,Evangélico,3.0,4.0,4,Nenhuma,3,1.0,3.0,5.0,4.0,1.0,Positiva,Nenhuma,3,Não,Indiferente,1.0,3.0,Não,False,True,False,False,False,False,False,False,False,False,False
2024-11-16 08:56:56,hnewton@example.com,34.0,Masculino,sdv-pii-x59ba,sdv-pii-3pdru,Cisgênero (é o sexo que nasceu),Não,Superior 30 mil,Sim,Evangélico,3.0,2.0,3,Todos os dias,2,2.0,1.0,1.0,4.0,4.0,Positiva,Nenhuma,4,Não,Indiferente,0.0,1.0,Não,False,False,False,False,False,False,False,False,False,False,False
2024-11-16 21:32:03,jonathansmall@example.com,45.0,Masculino,sdv-pii-ng0cl,sdv-pii-xes9i,Cisgênero (é o sexo que nasceu),Sim,Atè 10 mil,Sim,Evangélico,1.0,4.0,1,Até 8 vezes,1,2.0,2.0,2.0,2.0,2.0,Positiva,Nenhuma,2,Não,Indiferente,0.0,2.0,Não,True,True,False,False,False,False,False,False,False,False,False
2024-11-16 08:56:56,cbautista@example.org,43.0,Masculino,sdv-pii-3uffn,sdv-pii-4xm02,Cisgênero (é o sexo que nasceu),Sim,Até 5 mil,Sim,Católico,1.0,4.0,3,Até 4 vezes,4,1.0,0.0,1.0,3.0,1.0,Positiva,Muita,5,Não,Indiferente,2.0,0.0,Não,True,False,False,False,False,False,False,False,False,False,False
2024-11-16 08:56:56,mburton@example.net,46.0,Masculino,sdv-pii-edqce,sdv-pii-nlkcz,Cisgênero (é o sexo que nasceu),Sim,Atè 10 mil,Não,Evangélico,1.0,4.0,2,Nenhuma,1,0.0,2.0,1.0,2.0,5.0,Positiva,Nenhuma,3,Sim,Indiferente,2.0,4.0,Sim,False,True,True,False,False,False,False,False,False,False,False
2024-11-16 08:56:56,pamelafigueroa@example.net,41.0,Masculino,sdv-pii-abnbo,sdv-pii-59icn,Cisgênero (é o sexo que nasceu),Sim,Até 20 mil,Sim,Católico,5.0,4.0,3,Todos os dias,4,0.0,2.0,2.0,4.0,2.0,Positiva,Nenhuma,4,Sim,Indiferente,2.0,4.0,Não,True,False,True,True,False,False,False,False,False,False,False
2024-11-16 10:21:17,kmitchell@example.org,57.0,Masculino,sdv-pii-e1a7k,sdv-pii-4ojej,Cisgênero (é o sexo que nasceu),Sim,Atè 10 mil,Sim,Evangélico,1.0,2.0,2,Até 4 vezes,3,1.0,1.0,1.0,4.0,5.0,Negativa,As vezes,4,Sim,Indiferente,0.0,3.0,Não,False,True,False,False,False,False,False,False,False,False,False
2024-11-16 08:56:56,nwhite@example.net,60.0,Masculino,sdv-pii-izyqj,sdv-pii-dtvhg,Cisgênero (é o sexo que nasceu),Sim,Até 3 mil,Sim,Católico,1.0,2.0,4,Todos os dias,1,2.0,2.0,4.0,2.0,1.0,Positiva,Nenhuma,4,Não,Ansioso,2.0,1.0,Não,True,True,False,False,False,False,False,False,False,False,False
2024-11-16 15:46:17,emilycole@example.com,59.0,Masculino,sdv-pii-jruwr,sdv-pii-ra2lp,Cisgênero (é o sexo que nasceu),Sim,Atè 10 mil,Sim,Católico,6.0,5.0,5,Até 8 vezes,1,0.0,4.0,3.0,5.0,4.0,Positiva,Nenhuma,3,Sim,Penso sobre a critica,0.0,1.0,Não,True,False,False,False,False,False,True,False,False,False,False
2024-11-16 17:56:56,jasonwarren@example.org,60.0,Masculino,sdv-pii-y9p0g,sdv-pii-y12wl,Cisgênero (é o sexo que nasceu),Sim,Superior 30 mil,Sim,Evangélico,7.0,3.0,1,Até 4 vezes,5,0.0,2.0,1.0,4.0,3.0,Positiva,Nenhuma,1,Sim,Indiferente,1.0,1.0,Não,False,False,False,False,False,False,False,False,False,False,False
2024-11-16 08:56:56,adam42@example.org,30.0,Masculino,sdv-pii-ywcd4,sdv-pii-egxxg,Cisgênero (é o sexo que nasceu),Não,Até 3 mil,Não,Evangélico,3.0,3.0,1,Nenhuma,3,0.0,2.0,2.0,5.0,2.0,Positiva,Nenhuma,3,Sim,Indiferente,0.0,5.0,Não,True,True,False,False,False,False,False,False,False,False,False
2024-11-16 08:56:56,clopez@example.org,46.0,Masculino,sdv-pii-wap40,sdv-pii-r7rtw,Cisgênero (é o sexo que nasceu),Sim,Até 5 mil,Sim,Católico,3.0,3.0,2,Nenhuma,3,1.0,2.0,1.0,5.0,5.0,Negativa,Nenhuma,4,Sim,Penso sobre a critica,1.0,3.0,Sim,True,True,True,False,False,False,False,False,False,False,False
2024-11-16 08:56:56,gregory86@example.net,50.0,Masculino,sdv-pii-nmz9e,sdv-pii-oxw88,Cisgênero (é o sexo que nasceu),Sim,Até 5 mil,Sim,Católico,6.0,5.0,5,Todos os dias,1,1.0,3.0,1.0,5.0,1.0,Positiva,Nenhuma,3,Não,Indiferente,2.0,2.0,Não,True,False,True,False,False,False,False,False,False,False,False
2024-11-16 11:36:57,bradleypowers@example.org,55.0,Masculino,sdv-pii-1oewr,sdv-pii-fidv0,Cisgênero (é o sexo que nasceu),Sim,Até 3 mil,Sim,Evangélico,3.0,1.0,1,Até 4 vezes,1,0.0,2.0,1.0,5.0,4.0,Positiva,Nenhuma,4,Não,Indiferente,1.0,4.0,Não,False,True,True,False,False,False,False,False,False,False,False
2024-11-16 08:56:56,whitney95@example.org,60.0,Masculino,sdv-pii-nrj6a,sdv-pii-3omp2,Cisgênero (é o sexo que nasceu),Não,Até 5 mil,Sim,nenhuma,5.0,3.0,3,Todos os dias,2,2.0,4.0,2.0,2.0,2.0,Positiva,Muita,3,Não,Indiferente,3.0,5.0,Não,False,False,True,False,False,False,False,False,False,False,False
2024-11-16 08:56:56,matthew84@example.com,29.0,Masculino,sdv-pii-2nt3u,sdv-pii-xujvw,Cisgênero (é o sexo que nasceu),Não,Até 5 mil,Sim,Evangélico,1.0,2.0,1,Até 4 vezes,3,0.0,5.0,1.0,5.0,2.0,Positiva,As vezes,3,Não,Indiferente,0.0,3.0,Não,True,False,True,True,True,False,False,False,False,True,False
2024-11-16 08:56:56,ygarrison@example.com,30.0,Masculino,sdv-pii-a6qee,sdv-pii-zyovt,Cisgênero (é o sexo que nasceu),Não,Até 3 mil,Não,Católico,3.0,3.0,3,Até 4 vezes,3,0.0,4.0,1.0,3.0,5.0,Positiva,Muita,3,Não,Indiferente,2.0,3.0,Sim,False,True,False,False,False,False,False,False,False,False,False
2024-11-16 08:56:56,nwebb@example.org,46.0,Masculino,sdv-pii-e8dws,sdv-pii-ukbcs,Cisgênero (é o sexo que nasceu),Sim,Atè 10 mil,Sim,Evangélico,3.0,5.0,5,Todos os dias,5,2.0,1.0,3.0,1.0,5.0,Positiva,Nenhuma,3,Não,Triste,0.0,2.0,Sim,False,True,False,False,False,False,False,False,False,False,False
2024-11-16 08:56:56,hailey16@example.net,22.0,Masculino,sdv-pii-corqz,sdv-pii-07keo,Cisgênero (é o sexo que nasceu),Não,Até 5 mil,Sim,Evangélico,1.0,2.0,2,Até 8 vezes,1,2.0,2.0,1.0,4.0,3.0,Negativa,Nenhuma,4,Não,Indiferente,1.0,2.0,Não,False,False,False,False,False,False,False,False,False,False,False
2024-11-16 18:45:00,carol21@example.org,33.0,Masculino,sdv-pii-2q45d,sdv-pii-oj3mm,Cisgênero (é o sexo que nasceu),Sim,Até 3 mil,Sim,Evangélico,1.0,4.0,1,Nenhuma,1,1.0,0.0,3.0,4.0,3.0,Negativa,Nenhuma,3,Não,Indiferente,0.0,2.0,Não,False,False,True,False,False,False,False,False,False,False,False
2024-11-16 17:18:42,michellelittle@example.net,39.0,Masculino,sdv-pii-zl489,sdv-pii-czy6l,Cisgênero (é o sexo que nasceu),Sim,Superior 30 mil,Sim,Evangélico,5.0,3.0,3,Até 4 vezes,1,4.0,1.0,5.0,4.0,3.0,Positiva,Nenhuma,3,Não,Indiferente,1.0,5.0,Sim,False,False,False,True,False,False,False,False,False,False,False
2024-11-16 08:56:56,fmaxwell@example.net,31.0,Masculino,sdv-pii-wyub9,sdv-pii-r9l4w,Cisgênero (é o sexo que nasceu),Sim,Até 5 mil,Sim,Evangélico,5.0,4.0,2,Até 4 vezes,3,1.0,0.0,1.0,4.0,3.0,Positiva,Muita,3,Sim,Penso sobre a critica,0.0,1.0,Sim,False,False,True,False,True,False,False,False,False,False,False
2024-11-16 12:07:47,lauraguerra@example.org,57.0,Masculino,sdv-pii-k2x5v,sdv-pii-1ijut,Cisgênero (é o sexo que nasceu),Sim,Até 5 mil,Sim,Evangélico,1.0,3.0,1,Até 4 vezes,3,1.0,2.0,2.0,5.0,5.0,Positiva,Nenhuma,3,Não,Indiferente,2.0,2.0,Não,False,False,True,False,False,False,False,False,False,False,False
2024-11-17 02:14:49,morganholly@example.org,21.0,Masculino,sdv-pii-drray,sdv-pii-svsuh,Cisgênero (é o sexo que nasceu),Sim,Até 5 mil,Sim,Católico,1.0,4.0,1,Todos os dias,3,2.0,5.0,1.0,2.0,5.0,Positiva,As vezes,3,Não,Indiferente,1.0,2.0,Não,False,False,False,False,True,False,False,False,False,False,False
2024-11-16 08:56:56,fthompson@example.com,46.0,Masculino,sdv-pii-b2n7b,sdv-pii-789xp,Cisgênero (é o sexo que nasceu),Sim,Atè 10 mil,Sim,Evangélico,5.0,2.0,4,Nenhuma,3,0.0,0.0,1.0,3.0,3.0,Positiva,Nenhuma,3,Não,Indiferente,0.0,2.0,Não,True,True,True,False,False,False,False,False,False,False,False
2024-11-16 08:56:56,crodriguez@example.org,41.0,Masculino,sdv-pii-mhrnn,sdv-pii-hmu4i,Cisgênero (é o sexo que nasceu),Sim,Até 3 mil,Sim,Católico,1.0,4.0,1,Nenhuma,3,0.0,3.0,1.0,3.0,5.0,Negativa,Nenhuma,3,Não,Indiferente,2.0,2.0,Não,False,False,True,False,False,False,False,False,False,False,False
2024-11-16 11:42:52,espinozabrooke@example.net,55.0,Masculino,sdv-pii-b8oo6,sdv-pii-ixqe6,Cisgênero (é o sexo que nasceu),Não,Até 3 mil,Sim,Evangélico,2.0,4.0,1,Até 4 vezes,3,4.0,5.0,3.0,4.0,2.0,Positiva,Nenhuma,5,Não,Indiferente,2.0,3.0,Sim,True,False,False,True,False,False,False,False,False,False,False
2024-11-16 08:56:56,bmartinez@example.org,43.0,Masculino,sdv-pii-69zfg,sdv-pii-ovzz0,Cisgênero (é o sexo que nasceu),Sim,Até 3 mil,Sim,Católico,2.0,4.0,2,Todos os dias,3,0.0,2.0,2.0,1.0,5.0,Positiva,Nenhuma,4,Não,Penso sobre a critica,3.0,5.0,Não,False,False,False,False,False,False,False,False,False,False,False
2024-11-16 08:56:56,dgonzalez@example.com,47.0,Masculino,sdv-pii-pzqyf,sdv-pii-68l8v,Cisgênero (é o sexo que nasceu),Sim,Até 3 mil,Sim,Evangélico,6.0,4.0,5,Até 8 vezes,1,3.0,4.0,3.0,1.0,5.0,Positiva,Nenhuma,5,Não,Indiferente,0.0,0.0,Não,True,True,False,False,False,False,False,False,False,False,False
2024-11-16 08:56:56,floreslisa@example.net,46.0,Masculino,sdv-pii-9xjgm,sdv-pii-2kfsa,Cisgênero (é o sexo que nasceu),Sim,Até 5 mil,Sim,Evangélico,1.0,2.0,2,Até 4 vezes,4,0.0,5.0,1.0,1.0,3.0,Positiva,Muita,4,Não,Penso sobre a critica,0.0,3.0,Não,True,True,False,False,False,False,False,False,False,False,False
2024-11-16 08:56:56,pfowler@example.org,53.0,Masculino,sdv-pii-relc3,sdv-pii-bdx62,Cisgênero (é o sexo que nasceu),Sim,Até 3 mil,Sim,Evangélico,3.0,4.0,4,Até 4 vezes,2,0.0,1.0,1.0,4.0,3.0,Negativa,Nenhuma,3,Não,Indiferente,0.0,3.0,Não,False,False,False,False,False,False,False,False,False,False,False
2024-11-18 00:43:27,nicole17@example.net,43.0,Masculino,sdv-pii-n3t65,sdv-pii-2wa3d,Cisgênero (é o sexo que nasceu),Sim,Até 5 mil,Não,Evangélico,4.0,1.0,1,Todos os dias,1,2.0,2.0,2.0,4.0,1.0,Positiva,Nenhuma,5,Sim,Triste,0.0,2.0,Sim,True,True,True,True,False,False,False,False,False,False,False
2024-11-16 11:02:45,donnablankenship@example.org,59.0,Masculino,sdv-pii-ea1ia,sdv-pii-gnb56,Cisgênero (é o sexo que nasceu),Sim,Até 3 mil,Sim,Evangélico,3.0,3.0,1,Nenhuma,1,2.0,2.0,1.0,4.0,5.0,Positiva,Nenhuma,3,Não,Indiferente,0.0,2.0,Sim,True,True,False,True,False,False,False,False,False,False,False
2024-11-16 08:56:56,leechristopher@example.org,60.0,Masculino,sdv-pii-dwytf,sdv-pii-vae4l,Cisgênero (é o sexo que nasceu),Sim,Até 5 mil,Sim,Evangélico,3.0,4.0,1,Todos os dias,3,2.0,1.0,1.0,4.0,5.0,Positiva,Nenhuma,3,Sim,Triste,0.0,5.0,Não,False,True,True,False,False,False,False,False,False,False,False
2024-11-16 08:56:56,collierbernard@example.net,29.0,Masculino,sdv-pii-zq0zf,sdv-pii-jq6v3,Cisgênero (é o sexo que nasceu),Sim,Até 3 mil,Não,Creio em Deus,1.0,3.0,2,Nenhuma,2,0.0,4.0,1.0,4.0,4.0,Positiva,Nenhuma,4,Sim,Indiferente,0.0,0.0,Sim,True,False,True,False,False,False,False,False,False,False,False
2024-11-16 14:15:44,iserrano@example.com,46.0,Masculino,sdv-pii-kuhd0,sdv-pii-v46iv,Cisgênero (é o sexo que nasceu),Sim,Até 5 mil,Sim,Evangélico,4.0,5.0,2,Até 4 vezes,3,2.0,5.0,1.0,4.0,3.0,Positiva,Nenhuma,3,Sim,Indiferente,2.0,3.0,Não,True,True,False,False,False,False,False,False,True,False,False
2024-11-16 08:56:56,williamsraymond@example.org,29.0,Masculino,sdv-pii-maud5,sdv-pii-2i83t,Cisgênero (é o sexo que nasceu),Sim,Até 5 mil,Sim,Evangélico,3.0,5.0,5,Nenhuma,1,1.0,0.0,1.0,3.0,5.0,Positiva,Nenhuma,4,Não,Estressado,0.0,1.0,Não,False,False,False,False,False,False,False,False,False,False,False
2024-11-16 08:56:56,sharon58@example.org,54.0,Masculino,sdv-pii-lqscy,sdv-pii-fn6bg,Cisgênero (é o sexo que nasceu),Não,Até 5 mil,Sim,Evangélico,2.0,4.0,1,Até 4 vezes,3,1.0,3.0,3.0,3.0,5.0,Positiva,Muita,2,Não,Indiferente,0.0,3.0,Não,True,False,False,False,False,False,False,False,False,False,False
2024-11-16 08:56:56,jordansabrina@example.com,60.0,Masculino,sdv-pii-1qko9,sdv-pii-yplzg,Cisgênero (é o sexo que nasceu),Não,Até 5 mil,Sim,Evangélico,2.0,1.0,2,Todos os dias,3,2.0,2.0,1.0,4.0,2.0,Positiva,Nenhuma,3,Não,Ansioso,1.0,1.0,Sim,False,False,True,False,True,False,False,False,False,False,False
2024-11-16 21:56:49,gonzalezchad@example.net,21.0,Masculino,sdv-pii-aarnv,sdv-pii-1ok94,Cisgênero (é o sexo que nasceu),Sim,Até 3 mil,Sim,Evangélico,3.0,3.0,1,Nenhuma,1,0.0,1.0,1.0,4.0,3.0,Positiva,Nenhuma,3,Sim,Indiferente,0.0,3.0,Sim,False,True,True,False,False,False,False,False,False,False,False
2024-11-16 08:56:56,nallen@example.org,60.0,Masculino,sdv-pii-kghfo,sdv-pii-3kgpb,Cisgênero (é o sexo que nasceu),Sim,Até 5 mil,Sim,Evangélico,2.0,3.0,3,Até 4 vezes,1,2.0,1.0,1.0,3.0,3.0,Positiva,Nenhuma,4,Não,Indiferente,1.0,0.0,Não,False,False,True,False,False,False,False,False,False,False,False
2024-11-17 12:07:22,casejason@example.com,28.0,Masculino,sdv-pii-jx3j9,sdv-pii-vzeyn,Cisgênero (é o sexo que nasceu),Sim,Até 5 mil,Sim,Católico,2.0,4.0,3,Até 4 vezes,3,0.0,1.0,1.0,2.0,5.0,Negativa,Nenhuma,3,Sim,Indiferente,1.0,4.0,Não,True,True,True,False,True,False,False,False,False,False,False
2024-11-16 09:34:51,shawjeffrey@example.org,49.0,Masculino,sdv-pii-2vggs,sdv-pii-egrzw,Não binário,Sim,Até 5 mil,Sim,Evangélico,1.0,3.0,2,Nenhuma,1,2.0,5.0,1.0,4.0,1.0,Positiva,Quando fico no cel à noite .,3,Não,Triste,0.0,1.0,Não,True,False,False,False,False,False,False,False,False,False,False
2024-11-16 12:19:56,christophersmith@example.net,47.0,Masculino,sdv-pii-cpi6m,sdv-pii-7ndf7,Cisgênero (é o sexo que nasceu),Sim,Até 5 mil,Não,Católico,3.0,1.0,1,Todos os dias,3,2.0,3.0,4.0,3.0,2.0,Negativa,Nenhuma,4,Não,Ansioso,1.0,1.0,Não,False,True,False,False,False,False,False,False,False,False,False
2024-11-17 01:40:37,cynthiabrady@example.net,23.0,Masculino,sdv-pii-1jnr0,sdv-pii-v0iw6,Cisgênero (é o sexo que nasceu),Não,Até 5 mil,Sim,Evangélico,3.0,3.0,5,Até 4 vezes,3,2.0,0.0,1.0,3.0,3.0,Positiva,Nenhuma,5,Não,Indiferente,1.0,1.0,Não,False,True,True,False,False,False,True,False,False,True,False
2024-11-16 16:34:14,zwashington@example.com,60.0,Masculino,sdv-pii-sdepw,sdv-pii-c6lau,Cisgênero (é o sexo que nasceu),Sim,Até 5 mil,Sim,Católico,3.0,2.0,1,Todos os dias,3,1.0,2.0,2.0,5.0,3.0,Positiva,Nenhuma,3,Não,Indiferente,0.0,5.0,Não,False,False,False,False,False,False,False,False,False,False,False
2024-11-18 01:08:31,stephanie16@example.com,25.0,Masculino,sdv-pii-mog1v,sdv-pii-wihra,Cisgênero (é o sexo que nasceu),Sim,Atè 10 mil,Sim,Evangélico,4.0,2.0,1,Todos os dias,1,0.0,1.0,1.0,5.0,1.0,Positiva,Nenhuma,3,Não,Indiferente,2.0,1.0,Não,True,False,False,False,False,False,False,False,False,False,False
2024-11-16 17:44:37,aaron92@example.com,42.0,Masculino,sdv-pii-o2dim,sdv-pii-ix9r5,Cisgênero (é o sexo que nasceu),Não,Atè 10 mil,Não,Evangélico,1.0,2.0,1,Nenhuma,1,1.0,5.0,1.0,5.0,3.0,Positiva,Nenhuma,2,Sim,Penso sobre a critica,1.0,0.0,Não,False,False,False,False,True,False,False,False,False,False,False
2024-11-16 13:18:43,christopherhunt@example.net,48.0,Masculino,sdv-pii-uitt3,sdv-pii-ljjin,Cisgênero (é o sexo que nasceu),Sim,Até 3 mil,Sim,Evangélico,5.0,3.0,2,Nenhuma,3,0.0,4.0,1.0,3.0,4.0,Negativa,Nenhuma,3,Sim,Ansioso,1.0,0.0,Sim,False,False,True,True,False,False,False,False,False,False,False
2024-11-16 13:26:04,brandonguerrero@example.com,22.0,Masculino,sdv-pii-cn858,sdv-pii-f44pn,Cisgênero (é o sexo que nasceu),Sim,Até 3 mil,Não,Evangélico,3.0,5.0,2,Nenhuma,5,4.0,2.0,2.0,5.0,3.0,Negativa,Nenhuma,3,Sim,Indiferente,1.0,1.0,Sim,True,True,True,False,False,False,False,False,True,False,False
2024-11-16 08:56:56,brent37@example.org,22.0,Feminino,sdv-pii-d6xvk,sdv-pii-hcvxi,Cisgênero (é o sexo que nasceu),Sim,Atè 10 mil,Sim,Evangélico,6.0,1.0,2,Até 4 vezes,4,1.0,1.0,1.0,4.0,5.0,Positiva,Nenhuma,4,Sim,Penso sobre a critica,0.0,1.0,Sim,False,True,True,False,False,False,False,False,False,False,False
2024-11-16 08:56:56,johnrobinson@example.com,35.0,Feminino,sdv-pii-pg2zq,sdv-pii-0d922,Cisgênero (é o sexo que nasceu),Sim,Até 5 mil,Sim,Evangélico,4.0,2.0,1,Até 4 vezes,3,0.0,5.0,2.0,2.0,1.0,Negativa,Nenhuma,3,Não,Indiferente,0.0,3.0,Não,True,False,True,True,False,False,False,False,False,False,False
2024-11-18 21:19:23,twilliams@example.org,53.0,Feminino,sdv-pii-8ihxd,sdv-pii-x11xl,Cisgênero (é o sexo que nasceu),Não,Atè 10 mil,Sim,Evangélico,1.0,1.0,3,Até 4 vezes,2,0.0,5.0,3.0,2.0,3.0,Negativa,Nenhuma,3,Sim,Triste,3.0,3.0,Sim,True,True,False,False,False,False,False,False,False,False,True
2024-11-16 08:56:56,hollyjohnson@example.org,38.0,Feminino,sdv-pii-rvaxv,sdv-pii-11alg,Cisgênero (é o sexo que nasceu),Sim,Até 5 mil,Sim,Católico,3.0,3.0,4,Até 8 vezes,1,1.0,3.0,1.0,4.0,2.0,Positiva,Nenhuma,3,Sim,Triste,0.0,2.0,Sim,False,False,False,False,True,False,False,False,False,False,False
2024-11-16 10:20:19,alexanderknox@example.org,19.0,Feminino,sdv-pii-29zdz,sdv-pii-dy89g,Cisgênero (é o sexo que nasceu),Sim,Até 5 mil,Não,Católico,3.0,5.0,3,Até 4 vezes,2,1.0,2.0,5.0,4.0,3.0,Positiva,Nenhuma,5,Não,Indiferente,1.0,2.0,Sim,True,True,False,False,False,False,False,False,True,False,False
2024-11-16 08:56:56,websterbrian@example.net,60.0,Feminino,sdv-pii-fnw7k,sdv-pii-25rbg,Cisgênero (é o sexo que nasceu),Sim,Até 5 mil,Sim,Católico,1.0,1.0,2,Nenhuma,1,0.0,4.0,1.0,3.0,1.0,Positiva,Nenhuma,3,Sim,Ansioso,1.0,2.0,Sim,False,False,True,False,False,False,False,False,False,False,False
2024-11-16 09:22:18,kelsey61@example.net,48.0,Feminino,sdv-pii-1a9ns,sdv-pii-lxywx,Cisgênero (é o sexo que nasceu),Sim,Até 3 mil,Sim,Evangélico,2.0,4.0,2,Até 4 vezes,1,1.0,2.0,2.0,3.0,3.0,Positiva,Muita,1,Não,Indiferente,2.0,0.0,Não,False,True,True,False,False,False,False,False,False,False,False
2024-11-18 21:19:23,blackjulie@example.net,60.0,Feminino,sdv-pii-270ds,sdv-pii-kux3j,Cisgênero (é o sexo que nasceu),Sim,Até 20 mil,Sim,Evangélico,6.0,1.0,1,Nenhuma,3,1.0,3.0,1.0,3.0,3.0,Positiva,Nenhuma,3,Não,Penso sobre a critica,2.0,5.0,Não,True,True,False,False,False,False,False,False,False,False,False
2024-11-16 08:56:56,gina85@example.net,26.0,Feminino,sdv-pii-35t5v,sdv-pii-motib,Cisgênero (é o sexo que nasceu),Sim,Atè 10 mil,Não,Evangélico,4.0,2.0,2,Até 4 vezes,1,0.0,3.0,1.0,4.0,2.0,Positiva,Nenhuma,3,Sim,Penso sobre a critica,3.0,3.0,Não,True,False,False,False,False,False,False,False,False,False,False
2024-11-16 18:41:55,sarahchang@example.com,41.0,Feminino,sdv-pii-ropcy,sdv-pii-m06s0,Cisgênero (é o sexo que nasceu),Sim,Atè 10 mil,Sim,Evangélico,1.0,2.0,1,Até 8 vezes,4,0.0,1.0,3.0,3.0,5.0,Positiva,Nenhuma,3,Sim,Indiferente,0.0,1.0,Não,True,True,False,False,False,False,False,False,False,False,False
2024-11-18 18:59:02,sandovalangela@example.com,60.0,Feminino,sdv-pii-drbzy,sdv-pii-68enp,Cisgênero (é o sexo que nasceu),Sim,Superior 30 mil,Sim,Católico,1.0,3.0,3,Até 4 vezes,2,1.0,2.0,2.0,4.0,2.0,Negativa,Nenhuma,1,Não,Indiferente,2.0,4.0,Sim,False,False,True,False,False,False,False,False,False,False,False
2024-11-16 08:56:56,cynthiacruz@example.com,19.0,Feminino,sdv-pii-kwg5s,sdv-pii-qvtaf,Cisgênero (é o sexo que nasceu),Sim,Até 5 mil,Sim,Católico,4.0,3.0,2,Até 4 vezes,5,2.0,2.0,2.0,2.0,5.0,Positiva,Quando fico no cel à noite .,3,Sim,Indiferente,3.0,3.0,Não,True,False,False,False,False,False,False,False,False,False,False
2024-11-16 11:21:46,ysmith@example.com,43.0,Feminino,sdv-pii-fit00,sdv-pii-knvl0,Cisgênero (é o sexo que nasceu),Sim,Até 3 mil,Sim,Evangélico,10.0,4.0,4,Nenhuma,5,2.0,1.0,1.0,5.0,2.0,Negativa,Nenhuma,3,Não,Indiferente,0.0,1.0,Sim,True,False,True,True,True,False,False,False,False,False,False
2024-11-16 08:56:56,vincentmary@example.com,27.0,Feminino,sdv-pii-xzo3k,sdv-pii-oqzca,Cisgênero (é o sexo que nasceu),Sim,Até 3 mil,Sim,Católico,3.0,3.0,3,Todos os dias,2,3.0,4.0,1.0,3.0,5.0,Positiva,Muita,3,Sim,Indiferente,2.0,5.0,Não,True,True,False,False,False,False,False,False,False,False,False
2024-11-17 03:08:47,hpeterson@example.com,60.0,Feminino,sdv-pii-sng58,sdv-pii-8bcyy,Cisgênero (é o sexo que nasceu),Sim,Até 5 mil,Não,Evangélico,1.0,2.0,3,Nenhuma,2,0.0,1.0,1.0,5.0,5.0,Positiva,Muita,3,Não,Penso sobre a critica,0.0,1.0,Não,False,True,True,False,False,True,False,False,False,False,False
2024-11-16 21:22:28,gonzalezpatricia@example.com,21.0,Feminino,sdv-pii-ysx82,sdv-pii-s0y1i,Cisgênero (é o sexo que nasceu),Sim,Até 3 mil,Sim,nenhuma,6.0,3.0,3,Até 4 vezes,4,2.0,5.0,5.0,1.0,5.0,Positiva,Nenhuma,3,Sim,Indiferente,0.0,1.0,Não,False,False,False,False,False,False,False,False,False,False,False
2024-11-16 08:56:56,patricia04@example.net,54.0,Feminino,sdv-pii-mm4sw,sdv-pii-0ec8h,Cisgênero (é o sexo que nasceu),Sim,Até 3 mil,Sim,Evangélico,4.0,3.0,2,Nenhuma,4,1.0,2.0,2.0,3.0,5.0,Positiva,Nenhuma,3,Não,Penso sobre a critica,0.0,2.0,Não,False,False,True,False,False,False,False,False,False,False,False
2024-11-16 08:56:56,banksstanley@example.com,43.0,Feminino,sdv-pii-srzda,sdv-pii-vai91,Cisgênero (é o sexo que nasceu),Sim,Até 3 mil,Sim,Evangélico,3.0,2.0,3,Nenhuma,3,1.0,5.0,1.0,3.0,2.0,Negativa,Muita,3,Sim,Indiferente,0.0,0.0,Não,False,False,False,True,False,False,False,False,False,False,False
2024-11-17 21:32:48,ugrant@example.net,37.0,Feminino,sdv-pii-gx013,sdv-pii-7i50k,Cisgênero (é o sexo que nasceu),Sim,Atè 10 mil,Sim,Evangélico,5.0,3.0,2,Nenhuma,1,1.0,3.0,1.0,4.0,5.0,Positiva,Nenhuma,3,Sim,Indiferente,1.0,3.0,Não,True,False,True,False,False,False,False,False,False,False,False
2024-11-18 11:38:26,kellysmith@example.net,26.0,Feminino,sdv-pii-w8evg,sdv-pii-jf6n7,Cisgênero (é o sexo que nasceu),Sim,Até 5 mil,Sim,Católico,1.0,1.0,1,Todos os dias,2,1.0,2.0,1.0,4.0,1.0,Negativa,Nenhuma,3,Sim,Indiferente,0.0,0.0,Sim,False,False,False,False,False,False,False,False,False,False,False
2024-11-16 08:56:56,lisashaffer@example.org,60.0,Feminino,sdv-pii-vnkpu,sdv-pii-xehn0,Cisgênero (é o sexo que nasceu),Sim,Até 5 mil,Sim,Evangélico,2.0,2.0,3,Nenhuma,3,1.0,1.0,1.0,3.0,4.0,Positiva,Nenhuma,3,Não,Penso sobre a critica,2.0,5.0,Não,True,True,True,False,False,False,False,False,False,False,False
2024-11-16 08:56:56,xmontgomery@example.org,29.0,Feminino,sdv-pii-tadku,sdv-pii-qj6f2,Cisgênero (é o sexo que nasceu),Sim,Até 5 mil,Sim,Católico,3.0,5.0,4,Todos os dias,3,0.0,3.0,3.0,5.0,4.0,Positiva,Nenhuma,3,Não,Penso sobre a critica,0.0,2.0,Não,False,True,False,False,False,False,False,False,False,False,False
2024-11-16 08:56:56,christopherweaver@example.org,60.0,Feminino,sdv-pii-d51yj,sdv-pii-5hf5f,Cisgênero (é o sexo que nasceu),Sim,Até 5 mil,Sim,Evangélico,1.0,1.0,1,Até 4 vezes,3,0.0,1.0,3.0,3.0,5.0,Negativa,Nenhuma,4,Sim,Indiferente,2.0,2.0,Sim,True,True,False,True,False,False,False,False,False,False,False
2024-11-16 23:38:56,hjennings@example.com,32.0,Feminino,sdv-pii-6p463,sdv-pii-rlykx,Cisgênero (é o sexo que nasceu),Não,Até 3 mil,Sim,Católico,2.0,3.0,1,Nenhuma,2,0.0,1.0,1.0,2.0,3.0,Positiva,Muita,5,Não,Indiferente,0.0,3.0,Não,True,False,False,False,False,False,False,False,False,False,False
2024-11-16 12:47:32,angelasoto@example.net,52.0,Feminino,sdv-pii-cx1vq,sdv-pii-1k3d1,Cisgênero (é o sexo que nasceu),Sim,Atè 10 mil,Sim,Católico,2.0,4.0,1,Todos os dias,3,2.0,2.0,4.0,5.0,3.0,Positiva,Nenhuma,4,Não,Penso sobre a critica,1.0,0.0,Não,True,False,True,False,False,True,False,False,False,False,False
2024-11-18 06:26:17,jonesrobin@example.net,38.0,Feminino,sdv-pii-0vogw,sdv-pii-smgx5,Cisgênero (é o sexo que nasceu),Não,Até 5 mil,Sim,Evangélico,6.0,1.0,3,Até 4 vezes,4,1.0,2.0,1.0,3.0,5.0,Negativa,Nenhuma,3,Não,Triste,2.0,4.0,Não,True,True,False,True,False,False,False,False,False,False,False
2024-11-16 17:17:43,huntrobert@example.net,46.0,Feminino,sdv-pii-hrw36,sdv-pii-fbw1v,Cisgênero (é o sexo que nasceu),Sim,Até 5 mil,Sim,Evangélico,1.0,5.0,1,Até 4 vezes,2,0.0,3.0,1.0,1.0,3.0,Positiva,Muita,4,Não,Penso sobre a critica,2.0,4.0,Sim,False,False,True,False,False,False,False,False,False,False,False
2024-11-16 08:56:56,cunninghamsamuel@example.net,49.0,Feminino,sdv-pii-37upk,sdv-pii-x4k55,Cisgênero (é o sexo que nasceu),Sim,Até 3 mil,Sim,Evangélico,6.0,5.0,2,Até 4 vezes,3,2.0,5.0,1.0,4.0,3.0,Negativa,Nenhuma,5,Sim,Indiferente,2.0,1.0,Não,False,True,False,False,False,False,False,False,False,False,False
2024-11-16 08:56:56,cheryldixon@example.org,60.0,Feminino,sdv-pii-xh56u,sdv-pii-s4v94,Cisgênero (é o sexo que nasceu),Sim,Até 20 mil,Sim,Evangélico,5.0,3.0,2,Até 4 vezes,3,0.0,2.0,2.0,4.0,3.0,Positiva,Muita,3,Sim,Penso sobre a critica,2.0,1.0,Sim,False,False,True,False,True,False,False,False,False,False,False
2024-11-16 08:56:56,phoffman@example.com,53.0,Feminino,sdv-pii-kma9u,sdv-pii-s9z50,Cisgênero (é o sexo que nasceu),Sim,Até 5 mil,Sim,Evangélico,1.0,5.0,1,Até 4 vezes,2,2.0,0.0,1.0,3.0,3.0,Positiva,Muita,3,Não,Indiferente,0.0,1.0,Não,False,True,True,False,False,False,False,False,False,False,False
2024-11-16 08:56:56,harold26@example.com,40.0,Feminino,sdv-pii-1sdj5,sdv-pii-ud7zm,Cisgênero (é o sexo que nasceu),Não,Até 5 mil,Sim,Evangélico,4.0,3.0,3,Até 4 vezes,3,1.0,2.0,1.0,4.0,3.0,Positiva,Nenhuma,3,Não,Indiferente,0.0,2.0,Sim,False,False,True,True,False,False,False,False,False,False,False
2024-11-16 13:30:01,arivera@example.net,55.0,Feminino,sdv-pii-az09c,sdv-pii-5aj1l,Cisgênero (é o sexo que nasceu),Sim,Até 3 mil,Sim,Evangélico,1.0,3.0,3,Todos os dias,2,0.0,4.0,1.0,3.0,4.0,Positiva,Nenhuma,3,Sim,Penso sobre a critica,1.0,1.0,Não,False,False,False,False,False,False,False,False,False,False,False
2024-11-16 16:46:50,parkbrandon@example.org,60.0,Feminino,sdv-pii-f71bk,sdv-pii-vpxii,Cisgênero (é o sexo que nasceu),Sim,Atè 10 mil,Sim,Evangélico,2.0,3.0,1,Até 8 vezes,1,0.0,4.0,3.0,2.0,3.0,Negativa,Nenhuma,3,Não,Ansioso,0.0,0.0,Não,False,True,True,False,False,False,False,False,False,False,False
2024-11-16 17:49:53,debrajohnson@example.org,45.0,Feminino,sdv-pii-z4xm2,sdv-pii-me0fx,Cisgênero (é o sexo que nasceu),Sim,Atè 10 mil,Sim,Evangélico,5.0,5.0,3,Todos os dias,3,0.0,1.0,2.0,1.0,5.0,Positiva,As vezes insônia ,5,Sim,Indiferente,0.0,0.0,Não,True,True,True,True,False,False,False,False,False,False,False
2024-11-16 08:56:56,eroberson@example.org,19.0,Feminino,sdv-pii-c8sfl,sdv-pii-9b5bx,Cisgênero (é o sexo que nasceu),Sim,Até 3 mil,Sim,Católico,1.0,3.0,2,Até 4 vezes,3,2.0,1.0,1.0,3.0,5.0,Positiva,Nenhuma,3,Sim,Indiferente,2.0,1.0,Não,False,False,False,False,False,False,False,False,False,False,False
2024-11-16 08:56:56,denniscook@example.net,49.0,Feminino,sdv-pii-zknv6,sdv-pii-4idb4,Cisgênero (é o sexo que nasceu),Sim,Até 3 mil,Não,Outros,2.0,5.0,3,Até 4 vezes,1,0.0,2.0,1.0,2.0,5.0,Positiva,As vezes insônia ,3,Sim,Indiferente,1.0,3.0,Não,False,True,True,False,False,False,False,False,False,False,False
2024-11-17 04:35:42,hopkinsmargaret@example.org,46.0,Feminino,sdv-pii-05ygb,sdv-pii-tlp1j,Cisgênero (é o sexo que nasceu),Sim,Até 3 mil,Sim,Evangélico,1.0,2.0,1,Até 4 vezes,3,0.0,1.0,1.0,4.0,5.0,Positiva,Nenhuma,3,Não,Triste,1.0,3.0,Não,True,False,False,False,False,False,False,False,True,False,False
2024-11-16 20:16:10,james95@example.net,43.0,Feminino,sdv-pii-rqofz,sdv-pii-4kl6k,Cisgênero (é o sexo que nasceu),Sim,Até 3 mil,Sim,Evangélico,2.0,1.0,1,Até 4 vezes,1,0.0,2.0,3.0,4.0,5.0,Negativa,Nenhuma,3,Sim,Penso sobre a critica,0.0,3.0,Não,False,False,False,False,True,False,False,False,False,False,False
2024-11-16 18:45:34,valerie83@example.com,32.0,Feminino,sdv-pii-tgfk4,sdv-pii-hmqxk,Cisgênero (é o sexo que nasceu),Sim,Até 3 mil,Sim,Católico,3.0,4.0,2,Todos os dias,5,4.0,1.0,5.0,1.0,3.0,Positiva,Muita,3,Não,Indiferente,2.0,1.0,Não,True,True,False,False,False,False,False,False,False,False,False
2024-11-16 08:56:56,medwards@example.net,33.0,Feminino,sdv-pii-eolw5,sdv-pii-5k64b,Cisgênero (é o sexo que nasceu),Sim,Até 3 mil,Sim,Evangélico,3.0,1.0,2,Até 4 vezes,3,0.0,2.0,4.0,5.0,5.0,Positiva,Nenhuma,2,Não,Indiferente,2.0,2.0,Sim,False,True,True,True,False,False,False,False,False,False,True
2024-11-16 08:56:56,anthonybranch@example.org,22.0,Feminino,sdv-pii-uq9re,sdv-pii-fpoi4,Cisgênero (é o sexo que nasceu),Sim,Até 3 mil,Sim,Católico,3.0,4.0,5,Todos os dias,5,4.0,0.0,1.0,4.0,5.0,Positiva,Nenhuma,3,Não,Indiferente,2.0,3.0,Não,True,False,False,False,False,False,False,False,False,True,False
2024-11-17 20:02:32,nelsoncraig@example.com,41.0,Feminino,sdv-pii-61d67,sdv-pii-8tt0z,Cisgênero (é o sexo que nasceu),Sim,Superior 30 mil,Sim,Católico,2.0,2.0,1,Até 4 vezes,5,0.0,0.0,2.0,2.0,5.0,Positiva,Nenhuma,3,Sim,Triste,2.0,1.0,Sim,False,False,True,False,False,False,False,False,False,False,False
2024-11-16 08:56:56,tayloryvonne@example.net,53.0,Feminino,sdv-pii-947c4,sdv-pii-ndhg0,Cisgênero (é o sexo que nasceu),Sim,Até 5 mil,Sim,Evangélico,1.0,2.0,5,Todos os dias,3,2.0,3.0,1.0,4.0,5.0,Negativa,Nenhuma,3,Não,Indiferente,0.0,3.0,Não,False,False,False,False,False,False,False,False,False,False,False
2024-11-16 08:56:56,alexjohnson@example.net,60.0,Feminino,sdv-pii-ntelg,sdv-pii-09fjp,Cisgênero (é o sexo que nasceu),Sim,Até 5 mil,Sim,Evangélico,6.0,2.0,1,Todos os dias,3,1.0,4.0,1.0,4.0,4.0,Positiva,Muita,2,Não,Penso sobre a critica,0.0,3.0,Não,False,False,True,False,True,False,False,False,False,False,False
2024-11-16 08:56:56,smithjustin@example.net,19.0,Feminino,sdv-pii-lh4x8,sdv-pii-jqnyj,Cisgênero (é o sexo que nasceu),Sim,Até 5 mil,Sim,Evangélico,1.0,4.0,1,Nenhuma,2,0.0,3.0,2.0,4.0,2.0,Positiva,Nenhuma,4,Não,Indiferente,0.0,3.0,Não,False,False,False,True,False,False,False,False,False,False,False
2024-11-18 21:19:23,carrie75@example.com,60.0,Feminino,sdv-pii-93ulz,sdv-pii-cj41e,Cisgênero (é o sexo que nasceu),Sim,Até 20 mil,Sim,Evangélico,1.0,5.0,1,Até 4 vezes,4,2.0,3.0,2.0,3.0,3.0,Positiva,Nenhuma,3,Sim,Triste,0.0,1.0,Não,True,True,False,False,True,False,False,False,True,False,False
2024-11-16 08:56:56,mhill@example.net,30.0,Feminino,sdv-pii-k3lxl,sdv-pii-qe6n7,Cisgênero (é o sexo que nasceu),Sim,Atè 10 mil,Não,Evangélico,5.0,3.0,1,Todos os dias,1,3.0,3.0,2.0,4.0,5.0,Negativa,Nenhuma,4,Sim,Penso sobre a critica,1.0,3.0,Não,True,True,False,False,False,False,False,False,False,False,False
2024-11-17 01:09:33,nixonjuan@example.com,38.0,Feminino,sdv-pii-14dsf,sdv-pii-fkvxu,Não binário,Sim,Até 3 mil,Sim,Evangélico,2.0,4.0,3,Nenhuma,2,0.0,3.0,3.0,3.0,1.0,Negativa,Nenhuma,2,Sim,Triste,0.0,1.0,Não,True,True,False,False,False,False,False,False,False,False,False
2024-11-17 21:05:03,michaeljones@example.org,60.0,Feminino,sdv-pii-sadz1,sdv-pii-rjhoz,Cisgênero (é o sexo que nasceu),Não,Atè 10 mil,Sim,Católico,4.0,5.0,1,Nenhuma,5,0.0,2.0,2.0,4.0,5.0,Positiva,As vezes,3,Não,Indiferente,2.0,1.0,Não,True,False,False,False,False,False,False,False,False,False,False
2024-11-16 08:56:56,nathan84@example.net,38.0,Feminino,sdv-pii-brzev,sdv-pii-blhph,Cisgênero (é o sexo que nasceu),Sim,Até 5 mil,Sim,Evangélico,1.0,2.0,2,Todos os dias,1,1.0,2.0,5.0,4.0,2.0,Positiva,Nenhuma,3,Sim,Indiferente,1.0,2.0,Sim,False,True,True,False,True,False,False,False,True,False,False
2024-11-16 11:35:02,alexandria94@example.com,36.0,Feminino,sdv-pii-3ktlk,sdv-pii-eydbr,Cisgênero (é o sexo que nasceu),Sim,Até 3 mil,Não,Evangélico,1.0,3.0,3,Até 4 vezes,3,4.0,2.0,1.0,2.0,2.0,Positiva,Nenhuma,3,Sim,Indiferente,1.0,1.0,Não,False,False,True,False,True,False,False,False,False,False,False
2024-11-16 08:56:56,richjared@example.com,43.0,Feminino,sdv-pii-otkec,sdv-pii-nwwqc,Cisgênero (é o sexo que nasceu),Sim,Até 3 mil,Sim,nenhuma,1.0,3.0,2,Nenhuma,2,0.0,2.0,1.0,4.0,5.0,Positiva,Nenhuma,3,Sim,Indiferente,0.0,3.0,Não,True,True,True,False,False,False,False,False,False,False,False
2024-11-17 06:09:37,ellisjoel@example.net,50.0,Feminino,sdv-pii-snfhe,sdv-pii-jrgar,Cisgênero (é o sexo que nasceu),Sim,Até 3 mil,Sim,Evangélico,1.0,5.0,2,Até 4 vezes,2,4.0,0.0,2.0,3.0,2.0,Negativa,Nenhuma,3,Não,Indiferente,1.0,0.0,Sim,True,True,True,False,False,False,False,False,False,False,False
2024-11-16 08:56:56,cknight@example.com,60.0,Feminino,sdv-pii-i1k51,sdv-pii-pxy69,Cisgênero (é o sexo que nasceu),Sim,Até 5 mil,Sim,Evangélico,4.0,5.0,1,Nenhuma,1,3.0,2.0,1.0,3.0,5.0,Negativa,Nenhuma,3,Sim,Indiferente,1.0,3.0,Não,False,False,False,True,False,False,False,False,False,False,False
2024-11-16 08:56:56,nrodriguez@example.com,26.0,Feminino,sdv-pii-okp5b,sdv-pii-6f10c,Cisgênero (é o sexo que nasceu),Sim,Até 3 mil,Sim,Católico,4.0,3.0,1,Todos os dias,1,1.0,2.0,1.0,4.0,4.0,Positiva,Nenhuma,5,Sim,Indiferente,2.0,3.0,Sim,False,True,True,False,False,False,False,False,False,False,False
2024-11-16 08:56:56,hancockbrittany@example.com,50.0,Feminino,sdv-pii-ijatn,sdv-pii-7hxil,Cisgênero (é o sexo que nasceu),Sim,Superior 30 mil,Sim,Evangélico,4.0,2.0,3,Até 4 vezes,3,0.0,3.0,3.0,5.0,5.0,Positiva,Muita,4,Não,Indiferente,1.0,1.0,Não,False,False,True,False,False,False,False,False,False,False,False
2024-11-18 21:19:23,parkerjessica@example.net,52.0,Feminino,sdv-pii-chqnd,sdv-pii-gke3z,Cisgênero (é o sexo que nasceu),Sim,Até 5 mil,Não,Evangélico,6.0,3.0,1,Nenhuma,3,1.0,5.0,1.0,3.0,4.0,Negativa,Nenhuma,3,Sim,Penso sobre a critica,0.0,1.0,Não,True,False,False,True,False,False,False,False,False,False,False
2024-11-16 08:56:56,xdavid@example.net,28.0,Feminino,sdv-pii-jarbd,sdv-pii-jpfyg,Cisgênero (é o sexo que nasceu),Não,Atè 10 mil,Sim,Evangélico,5.0,3.0,2,Até 4 vezes,3,2.0,0.0,1.0,5.0,3.0,Positiva,Nenhuma,4,Não,Indiferente,2.0,1.0,Não,True,False,True,False,False,False,False,False,False,False,False
2024-11-16 08:56:56,francisco92@example.net,53.0,Feminino,sdv-pii-vht9f,sdv-pii-tcetw,Cisgênero (é o sexo que nasceu),Sim,Até 5 mil,Sim,Evangélico,1.0,4.0,1,Até 4 vezes,4,2.0,2.0,4.0,4.0,3.0,Positiva,Muita,5,Sim,Ansioso,2.0,1.0,Não,True,False,False,False,False,False,False,False,False,False,False
2024-11-18 02:08:50,watersmatthew@example.net,40.0,Feminino,sdv-pii-xbr8s,sdv-pii-6p3p5,Cisgênero (é o sexo que nasceu),Sim,Atè 10 mil,Sim,Católico,4.0,5.0,2,Nenhuma,2,0.0,0.0,1.0,3.0,1.0,Positiva,Nenhuma,2,Não,Indiferente,2.0,3.0,Não,False,False,True,False,False,False,False,False,False,False,False
2024-11-16 08:56:56,youngryan@example.net,48.0,Feminino,sdv-pii-525bi,sdv-pii-cv3g9,Cisgênero (é o sexo que nasceu),Sim,Até 5 mil,Sim,Evangélico,4.0,3.0,1,Até 4 vezes,3,0.0,0.0,2.0,1.0,2.0,Positiva,Nenhuma,4,Não,Indiferente,1.0,1.0,Sim,False,False,True,True,False,False,False,False,False,False,False
2024-11-18 03:33:26,stricklandjonathan@example.com,60.0,Feminino,sdv-pii-obkva,sdv-pii-8yah4,Cisgênero (é o sexo que nasceu),Sim,Até 5 mil,Sim,Evangélico,5.0,4.0,5,Nenhuma,3,0.0,2.0,1.0,4.0,4.0,Positiva,Nenhuma,5,Sim,Penso sobre a critica,1.0,5.0,Sim,True,False,True,False,False,False,False,False,False,False,False
2024-11-16 17:33:58,ralphking@example.net,60.0,Feminino,sdv-pii-8xa21,sdv-pii-buh6r,Cisgênero (é o sexo que nasceu),Sim,Até 5 mil,Sim,Católico,5.0,5.0,3,Nenhuma,5,1.0,3.0,2.0,3.0,3.0,Positiva,Nenhuma,4,Não,Penso sobre a critica,1.0,1.0,Sim,False,True,False,False,False,False,False,False,False,False,False
2024-11-16 09:10:06,brianlarson@example.net,57.0,Feminino,sdv-pii-pgiqa,sdv-pii-7imqm,Cisgênero (é o sexo que nasceu),Não,Até 5 mil,Sim,Católico,1.0,4.0,5,Até 8 vezes,1,0.0,0.0,2.0,4.0,3.0,Positiva,Quando fico no cel à noite .,5,Não,Indiferente,0.0,1.0,Não,True,False,True,False,True,False,False,False,False,False,False
2024-11-16 18:49:55,benjamin99@example.com,42.0,Feminino,sdv-pii-k7qa6,sdv-pii-mwv8h,Cisgênero (é o sexo que nasceu),Não,Até 3 mil,Sim,Católico,1.0,5.0,3,Nenhuma,1,0.0,5.0,4.0,4.0,2.0,Positiva,Nenhuma,2,Sim,Indiferente,1.0,3.0,Não,True,True,False,False,False,False,False,False,False,False,False
2024-11-16 08:56:56,patrickcastro@example.com,41.0,Feminino,sdv-pii-bzkxt,sdv-pii-pd98e,Cisgênero (é o sexo que nasceu),Sim,Até 5 mil,Sim,Evangélico,10.0,1.0,3,Até 4 vezes,4,3.0,5.0,1.0,4.0,3.0,Negativa,Nenhuma,4,Sim,Penso sobre a critica,0.0,1.0,Sim,True,False,True,False,False,False,False,False,False,False,False
2024-11-16 08:56:56,gmiller@example.net,51.0,Feminino,sdv-pii-cqykk,sdv-pii-v4y9m,Cisgênero (é o sexo que nasceu),Sim,Até 3 mil,Não,Evangélico,1.0,5.0,1,Até 4 vezes,2,2.0,5.0,1.0,4.0,1.0,Negativa,Nenhuma,4,Não,Penso sobre a critica,1.0,4.0,Não,False,False,False,False,False,False,False,False,False,False,False
2024-11-16 22:22:15,richhenry@example.net,22.0,Feminino,sdv-pii-hvyzc,sdv-pii-bwikm,Cisgênero (é o sexo que nasceu),Sim,Até 5 mil,Sim,Evangélico,4.0,1.0,2,Até 4 vezes,3,3.0,3.0,2.0,4.0,1.0,Negativa,Nenhuma,4,Sim,Penso sobre a critica,3.0,0.0,Não,True,False,False,False,False,False,False,False,False,False,False
2024-11-18 06:43:16,manningtimothy@example.org,60.0,Feminino,sdv-pii-6i48z,sdv-pii-2lazg,Cisgênero (é o sexo que nasceu),Sim,Até 5 mil,Sim,Evangélico,5.0,1.0,3,Nenhuma,1,2.0,2.0,1.0,4.0,3.0,Positiva,Muita,4,Não,Indiferente,0.0,2.0,Não,True,False,False,False,False,False,False,False,False,False,False
2024-11-16 11:29:45,josephwilliams@example.com,60.0,Feminino,sdv-pii-hdog8,sdv-pii-s5ke1,Cisgênero (é o sexo que nasceu),Sim,Até 5 mil,Sim,Evangélico,3.0,3.0,3,Até 4 vezes,3,4.0,4.0,1.0,4.0,5.0,Negativa,Nenhuma,4,Sim,Indiferente,3.0,3.0,Não,False,False,True,False,False,False,False,False,False,False,False
2024-11-16 16:30:17,mercertodd@example.com,24.0,Feminino,sdv-pii-2oda2,sdv-pii-vawr6,Cisgênero (é o sexo que nasceu),Sim,Até 5 mil,Sim,Evangélico,3.0,3.0,2,Até 4 vezes,1,1.0,1.0,1.0,5.0,5.0,Positiva,Muita,4,Não,Triste,2.0,2.0,Não,True,True,False,True,False,False,False,False,False,False,False
2024-11-16 21:14:53,bwebster@example.org,53.0,Feminino,sdv-pii-3qh41,sdv-pii-pequx,Cisgênero (é o sexo que nasceu),Sim,Até 5 mil,Não,Evangélico,5.0,2.0,3,Nenhuma,1,1.0,4.0,1.0,3.0,2.0,Negativa,Nenhuma,4,Não,Indiferente,0.0,1.0,Não,False,False,True,False,False,False,False,False,False,False,False
2024-11-16 13:09:26,williamray@example.com,48.0,Feminino,sdv-pii-4zbu1,sdv-pii-29t7s,Cisgênero (é o sexo que nasceu),Sim,Até 3 mil,Sim,Evangélico,3.0,5.0,5,Até 4 vezes,3,2.0,1.0,1.0,2.0,5.0,Positiva,Muita,3,Não,Indiferente,2.0,1.0,Não,True,True,True,False,False,False,False,False,False,False,False
2024-11-18 21:19:23,ccase@example.net,27.0,Feminino,sdv-pii-txwlm,sdv-pii-vollv,Cisgênero (é o sexo que nasceu),Sim,Atè 10 mil,Sim,Evangélico,4.0,4.0,1,Até 4 vezes,5,0.0,1.0,5.0,4.0,1.0,Positiva,Nenhuma,4,Sim,Indiferente,2.0,1.0,Não,True,False,False,False,False,False,False,False,False,False,False
2024-11-16 08:56:56,ctaylor@example.net,41.0,Feminino,sdv-pii-zba69,sdv-pii-wihl8,Cisgênero (é o sexo que nasceu),Sim,Até 3 mil,Sim,nenhuma,2.0,4.0,2,Nenhuma,2,0.0,2.0,3.0,4.0,4.0,Positiva,Muita,3,Sim,Indiferente,1.0,5.0,Não,False,False,False,False,False,False,True,False,False,False,False
2024-11-16 11:48:46,poliver@example.net,19.0,Feminino,sdv-pii-nfr4d,sdv-pii-7xkh5,Cisgênero (é o sexo que nasceu),Sim,Até 5 mil,Sim,Outros,1.0,5.0,2,Todos os dias,1,1.0,2.0,2.0,1.0,3.0,Positiva,Nenhuma,4,Não,Indiferente,0.0,4.0,Não,True,True,False,True,False,False,False,False,False,False,False
2024-11-17 00:43:53,ryan18@example.net,50.0,Feminino,sdv-pii-bkevb,sdv-pii-1cfag,Cisgênero (é o sexo que nasceu),Sim,Até 5 mil,Sim,Evangélico,2.0,5.0,1,Até 4 vezes,1,0.0,2.0,1.0,1.0,5.0,Negativa,As vezes insônia ,3,Sim,Penso sobre a critica,0.0,2.0,Não,False,False,False,False,False,True,False,False,False,False,False
2024-11-16 12:32:38,vicki11@example.net,60.0,Feminino,sdv-pii-opyyv,sdv-pii-swhdr,Cisgênero (é o sexo que nasceu),Sim,Até 5 mil,Não,Católico,4.0,2.0,1,Todos os dias,1,2.0,3.0,3.0,3.0,3.0,Positiva,Muita,4,Sim,Indiferente,0.0,3.0,Não,False,True,True,False,False,False,False,False,False,False,False
2024-11-16 12:25:37,anthony30@example.com,19.0,Feminino,sdv-pii-1ztxw,sdv-pii-q7iue,Cisgênero (é o sexo que nasceu),Sim,Atè 10 mil,Sim,Evangélico,3.0,5.0,1,Nenhuma,1,0.0,4.0,2.0,4.0,2.0,Positiva,Nenhuma,3,Não,Indiferente,0.0,0.0,Não,True,True,False,False,False,False,False,False,False,False,False
2024-11-16 08:56:56,carrievasquez@example.net,48.0,Feminino,sdv-pii-hny9a,sdv-pii-wk1q4,Cisgênero (é o sexo que nasceu),Não,Atè 10 mil,Não,Evangélico,3.0,3.0,3,Nenhuma,3,2.0,2.0,1.0,5.0,1.0,Negativa,Nenhuma,2,Sim,Indiferente,1.0,5.0,Não,False,False,True,False,False,False,False,False,False,True,False
2024-11-17 02:42:44,lindseyeric@example.org,51.0,Feminino,sdv-pii-cz4v7,sdv-pii-55wxe,Cisgênero (é o sexo que nasceu),Sim,Até 5 mil,Sim,Católico,1.0,4.0,2,Nenhuma,2,0.0,5.0,2.0,4.0,5.0,Positiva,Nenhuma,3,Não,Triste,1.0,3.0,Não,True,False,True,False,False,False,False,False,False,False,False
2024-11-18 14:00:33,rhondathompson@example.org,45.0,Feminino,sdv-pii-2vcer,sdv-pii-pszuk,Cisgênero (é o sexo que nasceu),Sim,Até 3 mil,Sim,Evangélico,2.0,3.0,3,Até 4 vezes,2,1.0,1.0,3.0,4.0,5.0,Negativa,Nenhuma,4,Não,Penso sobre a critica,0.0,3.0,Não,False,False,False,False,False,False,False,False,False,False,False
2024-11-16 08:56:56,dylan09@example.com,38.0,Feminino,sdv-pii-fb8ax,sdv-pii-prgb0,Cisgênero (é o sexo que nasceu),Sim,Até 3 mil,Sim,Evangélico,3.0,5.0,1,Nenhuma,3,0.0,4.0,3.0,4.0,3.0,Positiva,Nenhuma,2,Sim,Indiferente,0.0,1.0,Sim,False,False,False,False,False,False,False,False,False,False,False
2024-11-16 12:00:25,felicia57@example.com,38.0,Feminino,sdv-pii-fi4c9,sdv-pii-gpsa5,Não binário,Sim,Até 20 mil,Não,Evangélico,3.0,1.0,3,Todos os dias,4,2.0,5.0,1.0,1.0,5.0,Negativa,Nenhuma,3,Não,Penso sobre a critica,0.0,1.0,Não,False,False,True,False,True,False,False,False,False,False,False
2024-11-16 08:56:56,frussell@example.org,60.0,Feminino,sdv-pii-uuh36,sdv-pii-58ux4,Cisgênero (é o sexo que nasceu),Sim,Até 5 mil,Sim,Evangélico,1.0,2.0,1,Até 4 vezes,1,0.0,5.0,3.0,4.0,4.0,Positiva,Muita,3,Sim,Ansioso,0.0,4.0,Sim,False,True,True,False,False,False,False,False,False,False,False
2024-11-16 08:56:56,biancawillis@example.net,19.0,Feminino,sdv-pii-1xj66,sdv-pii-apbax,Cisgênero (é o sexo que nasceu),Sim,Até 5 mil,Sim,Evangélico,6.0,4.0,1,Até 4 vezes,4,3.0,5.0,5.0,2.0,2.0,Positiva,Nenhuma,3,Sim,Indiferente,2.0,1.0,Não,True,True,True,False,False,False,False,False,False,False,False
2024-11-16 08:56:56,dbrown@example.org,46.0,Feminino,sdv-pii-2eorv,sdv-pii-6fea3,Cisgênero (é o sexo que nasceu),Não,Até 5 mil,Sim,Evangélico,6.0,3.0,1,Todos os dias,3,1.0,0.0,2.0,2.0,2.0,Negativa,Nenhuma,3,Sim,Indiferente,0.0,3.0,Não,False,True,True,False,False,False,False,False,False,False,False
2024-11-16 18:06:03,sherriparsons@example.net,57.0,Feminino,sdv-pii-kz9ul,sdv-pii-metbm,Cisgênero (é o sexo que nasceu),Sim,Até 5 mil,Sim,nenhuma,1.0,5.0,3,Até 4 vezes,3,0.0,3.0,1.0,4.0,4.0,Positiva,Nenhuma,3,Sim,Triste,0.0,1.0,Sim,False,True,True,False,False,True,False,False,False,False,False
2024-11-17 19:20:40,omercado@example.net,45.0,Feminino,sdv-pii-gvjxs,sdv-pii-09d75,Cisgênero (é o sexo que nasceu),Sim,Até 3 mil,Sim,Evangélico,2.0,3.0,1,Até 4 vezes,3,0.0,0.0,2.0,3.0,2.0,Negativa,Nenhuma,3,Sim,Indiferente,2.0,3.0,Não,True,False,True,False,True,False,False,False,False,False,False
2024-11-16 08:56:56,davidtorres@example.net,53.0,Feminino,sdv-pii-4grqz,sdv-pii-qcwbd,Cisgênero (é o sexo que nasceu),Sim,Até 5 mil,Sim,Outros,2.0,1.0,1,Nenhuma,1,2.0,2.0,2.0,3.0,2.0,Positiva,Muita,3,Não,Indiferente,0.0,5.0,Não,True,False,True,False,False,False,False,False,False,False,False
2024-11-16 11:23:58,daniel68@example.net,60.0,Feminino,sdv-pii-6ry0o,sdv-pii-80257,Cisgênero (é o sexo que nasceu),Sim,Atè 10 mil,Sim,Evangélico,6.0,4.0,2,Até 4 vezes,3,1.0,2.0,2.0,4.0,4.0,Positiva,Nenhuma,3,Sim,Indiferente,1.0,3.0,Não,True,False,True,False,False,False,False,False,False,False,False
2024-11-16 09:30:16,anthony71@example.org,29.0,Feminino,sdv-pii-3bq08,sdv-pii-d7616,Cisgênero (é o sexo que nasceu),Sim,Até 5 mil,Sim,Evangélico,2.0,2.0,1,Nenhuma,5,4.0,1.0,2.0,4.0,3.0,Positiva,Nenhuma,4,Não,Penso sobre a critica,0.0,3.0,Não,True,True,False,False,False,False,False,False,False,False,False
2024-11-16 08:56:56,romerojerry@example.org,47.0,Feminino,sdv-pii-7gxyx,sdv-pii-svxh0,Cisgênero (é o sexo que nasceu),Não,Até 3 mil,Sim,Católico,1.0,2.0,2,Todos os dias,1,0.0,5.0,3.0,5.0,2.0,Positiva,Nenhuma,2,Não,Penso sobre a critica,1.0,3.0,Não,True,False,True,False,False,False,False,False,False,False,False
2024-11-18 21:19:23,rachel65@example.com,39.0,Feminino,sdv-pii-7ww7x,sdv-pii-4i5ag,Não binário,Sim,Até 5 mil,Sim,Católico,1.0,3.0,3,Até 4 vezes,1,2.0,3.0,3.0,3.0,2.0,Positiva,Nenhuma,4,Sim,Indiferente,0.0,3.0,Sim,True,False,False,False,False,False,False,False,False,False,False
